Course_sis_id,Course_name,Number_of_students,Outcome 1,Outcome 2,Teacher_#1_ID,Teacher_#1_name,Teacher_#1_email,Teacher_#2_ID,Teacher_#2_name,Teacher_#2_email,Teacher_#3_ID,Teacher_#3_name,Teacher_#3_email,Teacher_#4_ID,Teacher_#4_name,Teacher_#4_email,Teacher_#5_ID,Teacher_#5_name,Teacher_#5_email,Teacher_#6_ID,Teacher_#6_name,Teacher_#6_email
FA2022_PHIL2030_01,QUEST FOR THE GOOD LIFE FA2022_PHIL2030_01,31,CF4,,22994,Scott Daniels,SDaniels@nnu.edu,,,,,,,,,,,,,,,
FA2022_POLS1050_01,INTRO TO INTERNATIONAL RELATNS FA2022_POLS1050_01,7,SC3,,460376,Justin Clardie,JClardie@nnu.edu,,,,,,,,,,,,,,,
FA2022_HUMN1020_05,CORNERSTONE FA2022_HUMN1020_05,19,HU2,,16081,Jeffery Edmiston,JLEdmiston@nnu.edu,,,,,,,,,,,,,,,
FA2022_POLS1010_01,AMERICAN NATIONAL POLITICS FA2022_POLS1010_01,14,SC3,,460376,Justin Clardie,JClardie@nnu.edu,,,,,,,,,,,,,,,
FA2022_ENGL2410_01,MAJ LIT WSTRN WRLD FA2022_ENGL2410_01,15,HU1,,114142,Julie Straight,JNStraight@nnu.edu,,,,,,,,,,,,,,,
FA2022_PSYC3850_01,BIOL FOUNDATIONS OF BEHAVIOR FA2022_PSYC3850_01,21,SC1,,16265,Sarah DeBoard Marion,SDeBoardMarion@nnu.edu,,,,,,,,,,,,,,,
FA2022_HUMN1020_08,CORNERSTONE FA2022_HUMN1020_08,23,HU2,,18111,Rich Vasquez,RRVasquez@nnu.edu,,,,,,,,,,,,,,,
FA2022_HUMN1060_1L,UNIVERSITY MISSIONS FA2022_HUMN1060_1L,11,HU3,,124939,Stephen Parke,SParke@nnu.edu,,,,,,,,,,,,,,,
FA2022_PHIL3600_01,CLINICAL ETHICS FA2022_PHIL3600_01,6,CF4,,521781,Richard Chamberlain,RChamberlain@nnu.edu,,,,,,,,,,,,,,,
FA2022_THEO3740_01,THEOLGY/PRACTICE SPIRITL FORMTN FA2022_THEO3740_01,7,CF3,,60183,Mike Kipp,MAKipp@nnu.edu,,,,,,,,,,,,,,,
FA2022_PHYS1110L_01,COLLEGE PHYSICS I LAB FA2022_PHYS1110L_01,24,SC1,,115424,Brice Allen,BEAllen@nnu.edu,12433,Dan Lawrence,MDLawrence@nnu.edu,,,,,,,,,,,,
FA2022_PHYS1110_01,COLLEGE PHYSICS I FA2022_PHYS1110_01,24,SC1,,12433,Dan Lawrence,MDLawrence@nnu.edu,,,,,,,,,,,,,,,
FA2022_EDUC2250_1L,CULTURAL DIVERSITY IN EDUCATION FA2022_EDUC2250_1L,11,HU3,,16420,Robert Sanchez,RobertSanchez@nnu.edu,,,,,,,,,,,,,,,
FA2022_HNRS3550_01,SCIENCE AND SCIENCE FICTION FA2022_HNRS3550_01,13,SC1,HU1,12433,Dan Lawrence,MDLawrence@nnu.edu,194,Darrin Grinder,DLGrinder@nnu.edu,,,,,,,,,,,,
FA2022_PHYS2120_01,PHYSICS FOR SCI/ENGR II FA2022_PHYS2120_01,22,SC1,,98817,Ben Pearson,BLPearson@nnu.edu,,,,,,,,,,,,,,,
FA2022_MATH2010_01,FUND MATH STRUCTURES I FA2022_MATH2010_01,11,IP3,,107,Ed Korntved,ECKorntved@nnu.edu,,,,,,,,,,,,,,,
FA2022_COMM3211_01,TECH COMM SCIENTISTS/ENGINEERS FA2022_COMM3211_01,19,IP1,,101387,Donna Allen,DMAllen@nnu.edu,,,,,,,,,,,,,,,
FA2022_HIST4970_01,SENIOR THESIS/CAPSTONE FA2022_HIST4970_01,2,HU2,,669771,Matthew Millsap,MMillsap@nnu.edu,,,,,,,,,,,,,,,
FA2022_PHYS2120L_01,PHYSICS FOR SCI/ENGR II LAB FA2022_PHYS2120L_01,23,SC1,,98817,Ben Pearson,BLPearson@nnu.edu,115424,Brice Allen,BEAllen@nnu.edu,,,,,,,,,,,,
FA2022_ENGL3750_01,CHILDREN'S/YOUNG ADULT LIT FA2022_ENGL3750_01,27,HU1,,114142,Julie Straight,JNStraight@nnu.edu,,,,,,,,,,,,,,,
FA2022_MATH2240_01,ELEM STATISTICS FA2022_MATH2240_01,16,IP3,,422874,Jason Colwell,JColwell@nnu.edu,,,,,,,,,,,,,,,
FA2022_COMM4980_01,SR CAPSTONE SEMNR IN COMM FA2022_COMM4980_01,9,HU2,,101387,Donna Allen,DMAllen@nnu.edu,,,,,,,,,,,,,,,
FA2022_ENGL4270W_01,MINORITY VOICES AMERICAN LIT FA2022_ENGL4270W_01,11,HU1,HU3,194,Darrin Grinder,DLGrinder@nnu.edu,,,,,,,,,,,,,,,
FA2022_PSYC3850L_01,BIOL FNDTNS OF BEHAVIOR LAB FA2022_PSYC3850L_01,19,SC1,,16265,Sarah DeBoard Marion,SDeBoardMarion@nnu.edu,,,,,,,,,,,,,,,
FA2022_ARDE3250_01,ART HISTORY 1 FA2022_ARDE3250_01,24,HU1,,162454,Jamie Tucker,JTucker@nnu.edu,,,,,,,,,,,,,,,
FA2022_COMM1050_01,NON-VERBAL COMM IN CULTURE FA2022_COMM1050_01,13,HU3,,101387,Donna Allen,DMAllen@nnu.edu,,,,,,,,,,,,,,,
FA2022_ARDE3340_01,DESIGN HS:INDSTRL REVL TO CNTMP FA2022_ARDE3340_01,16,HU1,,178342,R Kinsman,PKinsman@nnu.edu,,,,,,,,,,,,,,,
FA2022_NURS4040L_01,CLNCL/TRANSTN PROF NRSG PRACTICE FA2022_NURS4040L_01,3,HU2,,530428,Joshua Daniels,JoshuaDaniels@nnu.edu,,,,,,,,,,,,,,,
FA2022_BSNS4605_7X,GLOBAL BUSINESS STRATEGIES FA2022_BSNS4605_7X,11,HU3,,214421,Boyd Johnson,RBJohnson@nnu.edu,,,,,,,,,,,,,,,
FA2022_NURS4040L_04,CLNCL/TRANSTN PROF NRSG PRACTICE FA2022_NURS4040L_04,7,HU2,,668414,Marisa Yoder,MarisaYoder@nnu.edu,,,,,,,,,,,,,,,
FA2022_KINE1005_1U,FUNDAMENTALS OF WELLNESS FA2022_KINE1005_1U,16,SC4,,145777,Scott Kinnaman,SRKinnaman@nnu.edu,,,,,,,,,,,,,,,
FA2022_SPAN2010_01,INTERM SPANISH FA2022_SPAN2010_01,6,HU3,,2692,Matthew Fraley,mfraley@libertycharterschool.com,,,,,,,,,,,,,,,
FA2022_PHYS2120L_1L,PHYSICS FOR SCI/ENGR II LAB FA2022_PHYS2120L_1L,3,SC1,,124939,Stephen Parke,SParke@nnu.edu,,,,,,,,,,,,,,,
FA2022_SPAN1010_01,ELEMENTARY SPANISH FA2022_SPAN1010_01,15,HU3,,2692,Matthew Fraley,mfraley@libertycharterschool.com,,,,,,,,,,,,,,,
FA2022_MATH2310_01,DISCRETE MATHEMATICS FA2022_MATH2310_01,23,IP3,,107,Ed Korntved,ECKorntved@nnu.edu,,,,,,,,,,,,,,,
FA2022_THEO2100_02,INTRO CHRISTIAN THEOLOGY FA2022_THEO2100_02,42,CF2,,195,Diane Leclerc,DKLeclerc@nnu.edu,,,,,,,,,,,,,,,
FA2022_BIOL4970_01,PRE-PHYSICAL THERAPY CAPSTONE FA2022_BIOL4970_01,3,HU2,,2043,Jamee Nixon,JNixon@nnu.edu,,,,,,,,,,,,,,,
FA2022_ENGL1035_1U,UNIVERSITY WRITING/RESEARCH FA2022_ENGL1035_1U,4,IP4,,97794,Amber Ford,ADFord@nnu.edu,,,,,,,,,,,,,,,
FA2022_SPAN3310_01,HISPANIC CIVILIZATION FA2022_SPAN3310_01,3,HU3,,2692,Matthew Fraley,mfraley@libertycharterschool.com,,,,,,,,,,,,,,,
FA2022_ECON2415_7X,PRINCIPLES OF MICROECONOMICS FA2022_ECON2415_7X,3,SC3,,289654,David Chaplin,DChaplin@nnu.edu,,,,,,,,,,,,,,,
FA2022_HIST1030_01,THE WORLD AND THE WEST I FA2022_HIST1030_01,33,HU4,,526389,Stephen Morgan,StephenMorgan@nnu.edu,,,,,,,,,,,,,,,
FA2022_KINE1000_02,FUND OF WELLNESS FA2022_KINE1000_02,46,SC4,,371590,Kaydee Mick,KMick@nnu.edu,,,,,,,,,,,,,,,
FA2022_ENGL2210_01,AMER LIT:COL/CVL WAR FA2022_ENGL2210_01,28,HU1,,70009,Cathy Becker,CBecker@nnu.edu,,,,,,,,,,,,,,,
FA2022_HNRS2550_01,WESTERN INTELLECTUAL TRAD I FA2022_HNRS2550_01,17,CF4,HU2,689612,David Adkins,DAdkins@nnu.edu,,,,,,,,,,,,,,,
FA2022_ECON3010_01,PERSONAL FINANCE/STEWARDSHIP FA2022_ECON3010_01,13,SC3,,800,Pete Crabb,PRCrabb@nnu.edu,,,,,,,,,,,,,,,
FA2022_HUMN1020_11,CORNERSTONE FA2022_HUMN1020_11,19,HU2,,124965,Bethany Schultz,BethanySchultz@nnu.edu,,,,,,,,,,,,,,,
FA2022_BIOL2010L_02,HUMAN ANATOMY/PHYSIOLOGY I LAB FA2022_BIOL2010L_02,40,SC1,,512162,Ayokunle Hodonu,AHodonu@nnu.edu,,,,,,,,,,,,,,,
FA2022_COMM1210_01,INTRO TO PUBLIC SPEAKING FA2022_COMM1210_01,23,IP1,,10702,Dean Matlock,DMatlock@nnu.edu,,,,,,,,,,,,,,,
FA2022_PHYS1010_1U,INTRO TO PHYSICAL SCIENCE FA2022_PHYS1010_1U,12,SC1,,3112,Cynthia Lapp,CLLapp@nnu.edu,,,,,,,,,,,,,,,
FA2022_NURS4040L_03,CLNCL/TRANSTN PROF NRSG PRACTICE FA2022_NURS4040L_03,5,HU2,,124305,Rebecca Valenzuela,RValenzuela@nnu.edu,,,,,,,,,,,,,,,
FA2022_POLS1010_1U,AMERICAN NATIONAL POLITICS FA2022_POLS1010_1U,9,SC3,,125829,Stevi Nichols,SKnight@nnu.edu,,,,,,,,,,,,,,,
FA2022_COMP1220_01,INTRO TO COMPUTER SCIENCE FA2022_COMP1220_01,15,IP3,,1240,Barry Myers,BLMyers@nnu.edu,,,,,,,,,,,,,,,
FA2022_MATH1300_01,COLLEGE ALGEBRA FA2022_MATH1300_01,24,IP3,,353821,Jennifer King,JenniferKing@nnu.edu,,,,,,,,,,,,,,,
FA2022_ENGL2310_01,BRT LIT:BEOWULF/REASON FA2022_ENGL2310_01,15,HU1,,689612,David Adkins,DAdkins@nnu.edu,,,,,,,,,,,,,,,
FA2022_PSYC2100_01,LIFESPAN DVLPMT FA2022_PSYC2100_01,43,SC3,,1446,Rebekah Hall,RHall@nnu.edu,,,,,,,,,,,,,,,
FA2022_BIOL2010_01,HUMAN ANATOMY/PHYSIOLOGY  I FA2022_BIOL2010_01,65,SC1,,826,John Cossel,JOCossel@nnu.edu,,,,,,,,,,,,,,,
FA2022_BIOL2010L_01,HUMAN ANATOMY/PHYSIOLOGY I LAB FA2022_BIOL2010L_01,21,SC1,,16253,Kamela Lawrence,KMLawrence@nnu.edu,,,,,,,,,,,,,,,
FA2022_ENGL3320_01,SHAKESPEARE FA2022_ENGL3320_01,18,HU1,,689612,David Adkins,DAdkins@nnu.edu,,,,,,,,,,,,,,,
FA2022_CHEM1210_01,PRINCIPLES ORG/BIO CHEMISTRY FA2022_CHEM1210_01,14,SC1,,2213,Tim Anstine,DTAnstine@nnu.edu,,,,,,,,,,,,,,,
FA2022_BIOL2220_01,GENERAL BIOLOGY I FA2022_BIOL2220_01,37,SC1,,2119,Jennifer Chase,JRChase@nnu.edu,,,,,,,,,,,,,,,
FA2022_BIOL2220L_01,GENERAL BIOLOGY I LAB FA2022_BIOL2220L_01,39,SC1,,2119,Jennifer Chase,JRChase@nnu.edu,,,,,,,,,,,,,,,
FA2022_EDUC4950_01,SEMINAR/CAPSTONE FA2022_EDUC4950_01,37,HU2,,1972,Whitney Ward,WTWard@nnu.edu,10998,Jennifer Hill,JJHill@nnu.edu,365913,Michelle Rowley,MRowley@nnu.edu,645802,Holly Ripley,HRipley@nnu.edu,689954,Marcella Enos,MEnos@nnu.edu,32427,Jennifer Cornell,JMCornell@nnu.edu
FA2022_HUMN1020_07,CORNERSTONE FA2022_HUMN1020_07,25,HU2,,167112,Mark Michaelson,markmichaelson@nnu.edu,,,,,,,,,,,,,,,
FA2022_BIBL1100_04,INTRO BIBLICAL STUDIES FA2022_BIBL1100_04,42,CF1,,384229,Danny Atkins,DAtkins@nnu.edu,,,,,,,,,,,,,,,
FA2022_THEO2105_1U,INTRO CHRISTIAN THEOLOGY FA2022_THEO2105_1U,21,CF2,,384229,Danny Atkins,DAtkins@nnu.edu,,,,,,,,,,,,,,,
FA2022_PHIL2020_1U,ETHICS FA2022_PHIL2020_1U,15,CF4,,176641,Joe Bankard,JABankard@nnu.edu,,,,,,,,,,,,,,,
FA2022_CHEM1210L_01,PRINCIPLES ORG/BIO CHEM LAB FA2022_CHEM1210L_01,14,SC1,,1738,Dan Nogales,DFNogales@nnu.edu,,,,,,,,,,,,,,,
FA2022_PHYS2120_1L,PHYSICS FOR SCI/ENGR II FA2022_PHYS2120_1L,3,SC1,,124939,Stephen Parke,SParke@nnu.edu,,,,,,,,,,,,,,,
FA2022_PHIL2020_02,ETHICS FA2022_PHIL2020_02,32,CF4,,176641,Joe Bankard,JABankard@nnu.edu,,,,,,,,,,,,,,,
FA2022_PHIL3080_01,CRITICAL REASONING FA2022_PHIL3080_01,14,CF4,,176641,Joe Bankard,JABankard@nnu.edu,,,,,,,,,,,,,,,
FA2022_POLS4970_01,SENIOR THESIS/CAPSTONE FA2022_POLS4970_01,2,HU2,,460376,Justin Clardie,JClardie@nnu.edu,,,,,,,,,,,,,,,
FA2022_COMM1210_03,INTRO TO PUBLIC SPEAKING FA2022_COMM1210_03,23,IP1,,64672,Carly Bartlett,CBartlett@nnu.edu,,,,,,,,,,,,,,,
FA2022_KINE1000L_01,FUND OF WELLNESS LAB FA2022_KINE1000L_01,30,SC4,,91818,Benjamin Gall,BRGall@nnu.edu,,,,,,,,,,,,,,,
FA2022_BIOL1040_1U,ENVIRONMENTAL SCIENCE FA2022_BIOL1040_1U,22,SC1,,826,John Cossel,JOCossel@nnu.edu,,,,,,,,,,,,,,,
FA2022_HIST2030_01,CONFLICT/CONSENSUS:AM HS TO 1877 FA2022_HIST2030_01,29,HU4,,669771,Matthew Millsap,MMillsap@nnu.edu,,,,,,,,,,,,,,,
FA2022_BIOL1030L_01,EARTH SCIENCE LAB FA2022_BIOL1030L_01,47,SC1,HU3,24588,David Hille,DHille@nnu.edu,,,,,,,,,,,,,,,
FA2022_COMM1210_02,INTRO TO PUBLIC SPEAKING FA2022_COMM1210_02,16,IP1,,10702,Dean Matlock,DMatlock@nnu.edu,,,,,,,,,,,,,,,
FA2022_THEO2100_03,INTRO CHRISTIAN THEOLOGY FA2022_THEO2100_03,33,CF2,,22770,Joe Gorman,JTGorman@nnu.edu,,,,,,,,,,,,,,,
FA2022_BSNS2330_01,BUSINESS STATISTICS FA2022_BSNS2330_01,10,IP3,,289654,David Chaplin,DChaplin@nnu.edu,,,,,,,,,,,,,,,
FA2022_HUMN1020_06,CORNERSTONE FA2022_HUMN1020_06,23,HU2,,488791,Lance Howard,LanceHoward@nnu.edu,,,,,,,,,,,,,,,
FA2022_THEO3710_02,CHURCH/CULTURE/CHRISTN LIVING FA2022_THEO3710_02,13,CF3,,698227,Timothy Hahn,THahn@nnu.edu,,,,,,,,,,,,,,,
FA2022_KINE1000L_04,FUND OF WELLNESS LAB FA2022_KINE1000L_04,28,SC4,,87577,Jess Haragos,JessHaragos@nnu.edu,,,,,,,,,,,,,,,
FA2022_HUMN1020_03,CORNERSTONE FA2022_HUMN1020_03,22,HU2,,693999,Andrew Cornelius,ACornelius@nnu.edu,,,,,,,,,,,,,,,
FA2022_BIOL1030_01,EARTH SCIENCE FA2022_BIOL1030_01,54,SC1,HU3,24588,David Hille,DHille@nnu.edu,,,,,,,,,,,,,,,
FA2022_BIBL1100_01,INTRO BIBLICAL STUDIES FA2022_BIBL1100_01,43,CF1,,698235,Mary Schmitt,MSchmitt@nnu.edu,,,,,,,,,,,,,,,
FA2022_MUSC2020_01,SURVEY OF PERFORMING ARTS FA2022_MUSC2020_01,42,HU1,,689028,John Dally,JDally@nnu.edu,,,,,,,,,,,,,,,
FA2022_BIBL1100_03,INTRO BIBLICAL STUDIES FA2022_BIBL1100_03,45,CF1,,698235,Mary Schmitt,MSchmitt@nnu.edu,,,,,,,,,,,,,,,
FA2022_ECON2010_01,PRINCIPLES OF ECONOMICS FA2022_ECON2010_01,26,SC3,,289654,David Chaplin,DChaplin@nnu.edu,,,,,,,,,,,,,,,
FA2022_KINE1000L_02,FUND OF WELLNESS LAB FA2022_KINE1000L_02,30,SC4,,371590,Kaydee Mick,KMick@nnu.edu,,,,,,,,,,,,,,,
FA2022_ARDE2020_01,SURVEY OF VISUAL ART FA2022_ARDE2020_01,36,HU1,,162454,Jamie Tucker,JTucker@nnu.edu,,,,,,,,,,,,,,,
FA2022_KINE1000L_03,FUND OF WELLNESS LAB FA2022_KINE1000L_03,18,SC4,,381920,Jon Hawkins,JHawkins@nnu.edu,,,,,,,,,,,,,,,
FA2022_HIST2030_02,CONFLICT/CONSENSUS:AM HS TO 1877 FA2022_HIST2030_02,30,HU4,,669771,Matthew Millsap,MMillsap@nnu.edu,,,,,,,,,,,,,,,
FA2022_HUMN1020_04,CORNERSTONE FA2022_HUMN1020_04,23,HU2,,370156,Joe Willey,BWilley@nnu.edu,,,,,,,,,,,,,,,
FA2022_HUMN1020_02,CORNERSTONE FA2022_HUMN1020_02,25,HU2,,107750,Noah Daniels,NoahDaniels@nnu.edu,,,,,,,,,,,,,,,
FA2022_KINE1000L_06,FUND OF WELLNESS LAB FA2022_KINE1000L_06,30,SC4,,371590,Kaydee Mick,KMick@nnu.edu,,,,,,,,,,,,,,,
FA2022_HUMN1020_09,CORNERSTONE FA2022_HUMN1020_09,27,HU2,,370156,Joe Willey,BWilley@nnu.edu,,,,,,,,,,,,,,,
FA2022_MATH2510_01,CALCULUS I FA2022_MATH2510_01,27,IP3,,422874,Jason Colwell,JColwell@nnu.edu,,,,,,,,,,,,,,,
FA2022_MILS2500_01,MILITARY STYLE FITNESS FA2022_MILS2500_01,7,SC4,,651009,Jordan Etchells,JEtchells@nnu.edu,666775,Juan Cisneros,JuanCisneros@nnu.edu,698080,Nathan Daniels,NDaniels@nnu.edu,,,,,,,,,
FA2022_KINE1000_01,FUND OF WELLNESS FA2022_KINE1000_01,57,SC4,,91818,Benjamin Gall,BRGall@nnu.edu,,,,,,,,,,,,,,,
FA2022_BIBL1100_02,INTRO BIBLICAL STUDIES FA2022_BIBL1100_02,43,CF1,,128337,Grant Miller,GTMiller@nnu.edu,,,,,,,,,,,,,,,
FA2022_HIST3390_01,RECENT AMERICA FA2022_HIST3390_01,16,HU4,,669771,Matthew Millsap,MMillsap@nnu.edu,,,,,,,,,,,,,,,
FA2022_HUMN1020_10,CORNERSTONE FA2022_HUMN1020_10,24,HU2,,92644,Jeb Anderson,JEAnderson@nnu.edu,,,,,,,,,,,,,,,
FA2022_PSYC1550_01,INTRO TO PSYCHOLOGY FA2022_PSYC1550_01,84,SC3,,407598,Elizabeth List,EList@nnu.edu,,,,,,,,,,,,,,,
FA2022_PSYC2100_1U,LIFESPAN DVLPMT FA2022_PSYC2100_1U,9,SC3,,699471,Rebecca Carroll,RCarroll@nnu.edu,,,,,,,,,,,,,,,
FA2022_PHIL2020_01,ETHICS FA2022_PHIL2020_01,38,CF4,,176641,Joe Bankard,JABankard@nnu.edu,,,,,,,,,,,,,,,
FA2022_THEO3590_01,THEOLOGY OF THE CHURCH FA2022_THEO3590_01,4,CF3,,698227,Timothy Hahn,THahn@nnu.edu,,,,,,,,,,,,,,,
FA2022_HIST1030_02,THE WORLD AND THE WEST I FA2022_HIST1030_02,28,HU4,,526389,Stephen Morgan,StephenMorgan@nnu.edu,,,,,,,,,,,,,,,
FA2022_PHYS4970_01,RESEARCH FA2022_PHYS4970_01,1,HU2,,98817,Ben Pearson,BLPearson@nnu.edu,,,,,,,,,,,,,,,
FA2022_COMM2030_01,INTERPERSONAL COMMUNICATION FA2022_COMM2030_01,15,SC3,,101387,Donna Allen,DMAllen@nnu.edu,,,,,,,,,,,,,,,
FA2022_BIBL1105_1U,INTRODUCTION TO BIBLICAL STUDIES FA2022_BIBL1105_1U,9,CF1,,154,Randy Bynum,WRBynum@nnu.edu,,,,,,,,,,,,,,,
FA2022_COMP3230_01,INTRO TO SPATIAL ANALYSIS FA2022_COMP3230_01,18,SC1,,385123,Dale Hamilton,DHamilton@nnu.edu,,,,,,,,,,,,,,,
FA2022_ENGL3250_01,THE AMERICAN NOVEL FA2022_ENGL3250_01,11,HU1,,194,Darrin Grinder,DLGrinder@nnu.edu,,,,,,,,,,,,,,,
FA2022_ECON2425_7X,PRINCIPLES OF MACROECONOMICS FA2022_ECON2425_7X,7,SC3,,698053,Simon Obwatho,SObwatho@nnu.edu,,,,,,,,,,,,,,,
FA2022_PSYC4112_01,HUMAN DIVERSITY FA2022_PSYC4112_01,17,HU3,,407598,Elizabeth List,EList@nnu.edu,,,,,,,,,,,,,,,
FA2022_MATH2240_1U,ELEM STATISTICS FA2022_MATH2240_1U,21,IP3,,353821,Jennifer King,JenniferKing@nnu.edu,,,,,,,,,,,,,,,
FA2022_NURS4040L_02,CLNCL/TRANSTN PROF NRSG PRACTICE FA2022_NURS4040L_02,7,HU2,,120508,Jane Weis,JWeis@nnu.edu,,,,,,,,,,,,,,,
FA2022_MUSC1010_1U,A SURVEY OF ART/MUSIC FA2022_MUSC1010_1U,23,HU1,,24146,Julia Ganske,JGanske@nnu.edu,,,,,,,,,,,,,,,
FA2022_MATH2010_1U,FUND MATH STRUCTURES I FA2022_MATH2010_1U,9,IP3,,76740,Tyson Beggs,TOBeggs@nnu.edu,,,,,,,,,,,,,,,
FA2022_GEOG1050_1U,INTRO TO GEOGRAPHY FA2022_GEOG1050_1U,17,SC3,,432733,Mark Haggard,mark.haggard@vallivue.org,,,,,,,,,,,,,,,
FA2022_THEO3710_01,CHURCH/CULTURE/CHRISTN LIVING FA2022_THEO3710_01,32,CF3,,195,Diane Leclerc,DKLeclerc@nnu.edu,,,,,,,,,,,,,,,
FA2022_NURS4040_01,TRANS/PROF NRSG PRACTICE/CAPSTNE FA2022_NURS4040_01,22,HU2,,677708,Georgianna Ainslie,GAinslie@nnu.edu,,,,,,,,,,,,,,,
FA2022_KINE1000_03,FUND OF WELLNESS FA2022_KINE1000_03,56,SC4,,371590,Kaydee Mick,KMick@nnu.edu,,,,,,,,,,,,,,,
FA2022_HIST1040_1U,THE WORLD & THE WEST II FA2022_HIST1040_1U,22,HU4,,81890,Thomas Luttrell,TLuttrell@nnu.edu,,,,,,,,,,,,,,,
FA2022_THEO3410_01,PHIL AND LIT OF EXISTENTIALISM FA2022_THEO3410_01,7,CF3,,176641,Joe Bankard,JABankard@nnu.edu,,,,,,,,,,,,,,,
FA2022_COMM1210_1U,INTRO TO PUBLIC SPEAKING FA2022_COMM1210_1U,18,IP1,,80,Dennis Waller,DRWaller@nnu.edu,,,,,,,,,,,,,,,
FA2022_MATH4100_01,HISTORY MATH/CAPSTONE FA2022_MATH4100_01,2,HU2,,107,Ed Korntved,ECKorntved@nnu.edu,,,,,,,,,,,,,,,
FA2022_ENGL3250W_01,THE AMERICAN NOVEL FA2022_ENGL3250W_01,9,HU1,,194,Darrin Grinder,DLGrinder@nnu.edu,,,,,,,,,,,,,,,
FA2022_EDUC3410_01,ENG LANG LRNRS/CONTNT LIT SECNDR FA2022_EDUC3410_01,13,HU3,,10998,Jennifer Hill,JJHill@nnu.edu,,,,,,,,,,,,,,,
FA2022_THEO2100_01,INTRO CHRISTIAN THEOLOGY FA2022_THEO2100_01,40,CF2,,22994,Scott Daniels,SDaniels@nnu.edu,,,,,,,,,,,,,,,
FA2022_HIST3480_01,MOD EUROPE (1800-PRESENT) FA2022_HIST3480_01,13,HU4,,526389,Stephen Morgan,StephenMorgan@nnu.edu,,,,,,,,,,,,,,,
FA2022_ENGL3420_01,LITERATURE IN TRANSLATION FA2022_ENGL3420_01,8,HU1,,689612,David Adkins,DAdkins@nnu.edu,,,,,,,,,,,,,,,
FA2022_CHEM2210_01,GENERAL CHEMISTRY I FA2022_CHEM2210_01,24,SC1,,2213,Tim Anstine,DTAnstine@nnu.edu,,,,,,,,,,,,,,,
FA2022_ENGL4270_01,MINORITY VOICES AMERICAN LIT FA2022_ENGL4270_01,6,HU1,HU3,194,Darrin Grinder,DLGrinder@nnu.edu,,,,,,,,,,,,,,,
FA2022_HIST2040_1U,CONFLCT/CONSNSUS:AM HS FROM 1877 FA2022_HIST2040_1U,18,HU4,,669771,Matthew Millsap,MMillsap@nnu.edu,,,,,,,,,,,,,,,
FA2022_CLTA1550_01,INTRO TO CULTURAL ANTHROPOLOGY FA2022_CLTA1550_01,24,SC3,HU3,1884,David Blowers,DRBlowers@nnu.edu,,,,,,,,,,,,,,,
FA2022_BIBL3260_01,LIFE/TCHNGS OF JESUS FA2022_BIBL3260_01,13,CF3,,143718,Richard Thompson,RPThompson@nnu.edu,,,,,,,,,,,,,,,
FA2022_CHEM2210L_01,GENERAL CHEMISTRY I LAB FA2022_CHEM2210L_01,24,SC1,,25955,Jerry Harris,JDHarris@nnu.edu,2213,Tim Anstine,DTAnstine@nnu.edu,,,,,,,,,,,,
FA2022_PHYS1010L_1U,INTRO TO PHYSICAL SCI LAB FA2022_PHYS1010L_1U,10,SC1,,3112,Cynthia Lapp,CLLapp@nnu.edu,,,,,,,,,,,,,,,
FA2022_EDUC2110_1L,EDUCATIONAL PSYCH FA2022_EDUC2110_1L,7,SC3,,12035,Lori Sanchez,LSanchez@nnu.edu,,,,,,,,,,,,,,,
FA2022_KINE1000L_05,FUND OF WELLNESS LAB FA2022_KINE1000L_05,23,SC4,,371590,Kaydee Mick,KMick@nnu.edu,,,,,,,,,,,,,,,
FA2022_KINE2640E_01,KINE MJRS ONLY:SOCCER/TRACK FA2022_KINE2640E_01,17,SC4,,91818,Benjamin Gall,BRGall@nnu.edu,,,,,,,,,,,,,,,
FA2022_ENGL3210_1U,MAJOR AUTHORS AMERICAN LIT FA2022_ENGL3210_1U,12,HU1,,194,Darrin Grinder,DLGrinder@nnu.edu,,,,,,,,,,,,,,,
